filename,width,height,compression_ratio
./images//Wood_13-512x512.png,512,512,0.000000
./images//Wood_06-512x512.png,512,512,0.000000
./images//Wood_03-512x512.png,512,512,0.000000
./images//metal.png,1024,1024,0.000000
./images//grass1.png,1024,1024,0.000000
./images//bricks.png,1024,1024,0.000000
./images//brick2.png,1024,1024,0.000000
./images//clover.png,1024,1024,0.000000
./images//brick1.png,1024,1024,0.000000
./images//Wood_16-512x512.png,512,512,0.000000
./images//Wood_15-512x512.png,512,512,0.000000
./images//kodim11.png,768,512,0.000000
./images//kodim05.png,768,512,0.000000
./images//rock04.png,1024,1024,0.000000
./images//kodim04.png,512,768,0.000000
./images//kodim10.png,512,768,0.000000
./images//Wood_09-512x512.png,512,512,0.000000
./images//wall3.png,1024,1024,0.000000
./images//kodim06.png,768,512,0.000000
./images//kodim12.png,768,512,0.000000
./images//kodim13.png,768,512,0.000000
./images//kodim07.png,768,512,0.000000
./images//wall2.png,1024,1024,0.000000
./images//kodim03.png,768,512,0.000000
./images//kodim17.png,512,768,0.000000
./images//rock03.png,1024,1024,0.000000
./images//Wood_19-512x512.png,512,512,0.000000
./images//Wood_05-512x512.png,512,512,0.000000
./images//rock02.png,1024,1024,0.000000
./images//kodim16.png,768,512,0.000000
./images//kodim02.png,768,512,0.000000
./images//treewood.png,1024,1024,0.000000
./images//kodim14.png,768,512,0.000000
./images//Wood_10-512x512.png,512,512,0.000000
./images//rock01.png,1024,1024,0.000000
./images//kodim01.png,768,512,0.000000
./images//kodim15.png,768,512,0.000000
./images//rockwall.png,1024,1024,0.000000
./images//kodim24.png,768,512,0.000000
./images//kodim18.png,512,768,0.000000
./images//Wood_17-512x512.png,512,512,0.000000
./images//rustywall3.png,1024,1024,0.000000
./images//rustywall2.png,1024,1024,0.000000
./images//kodim19.png,512,768,0.000000
./images//bigsand.png,1024,1024,0.000000
./images//grass.png,1024,1024,0.000000
./images//Wood_02-512x512.png,512,512,0.000000
./images//sky.png,1024,1024,0.000000
./images//woodplanks.png,1024,1024,0.000000
./images//kodim22.png,768,512,0.000000
./images//kodim23.png,768,512,0.000000
./images//ground.png,1024,1024,0.000000
./images//Wood_07-512x512.png,512,512,0.000000
./images//wall.png,1024,1024,0.000000
./images//kodim09.png,512,768,0.000000
./images//Wood_12-512x512.png,512,512,0.000000
./images//kodim21.png,768,512,0.000000
./images//Wood_20-512x512.png,512,512,0.000000
./images//kodim20.png,768,512,0.000000
./images//kodim08.png,768,512,0.000000
./images//woodplanks2.png,1024,1024,0.000000
./images//Wood_11-512x512.png,512,512,0.000000
./images//bricks2.png,1024,1024,0.000000
./images//Wood_04-512x512.png,512,512,0.000000
./images//rustywall.png,1024,1024,0.000000
./images//sand.png,1024,1024,0.000000
./images//drygrass.png,1024,1024,0.000000
./images//Wood_18-512x512.png,512,512,0.000000
./images//Wood_01-512x512.png,512,512,0.000000
./images//rustymetal.png,1024,1024,0.000000
./images//Wood_08-512x512.png,512,512,0.000000
./images//Wood_14-512x512.png,512,512,0.000000
